{
  "summary": {
    "num_sequences": 2,
    "model_config": {
      "name": "esm_backbone",
      "trainable": true,
      "vocabulary_size": 33,
      "num_layers": 6,
      "num_heads": 20,
      "hidden_dim": 320,
      "intermediate_dim": 1280,
      "dropout": 0,
      "max_wavelength": 10000,
      "use_bias": true,
      "activation": "gelu",
      "layer_norm_eps": 1e-05,
      "use_pre_layer_norm": false,
      "position_embedding_type": "rotary",
      "max_sequence_length": 1026,
      "pad_token_id": 1
    },
    "analysis_timestamp": "2024-01-01T00:00:00Z"
  },
  "individual_predictions": [
    {
      "sequence_id": 0,
      "sequence_length": 52,
      "metrics": {
        "tm_score": 0.5009560942132871,
        "gdt_score": 0.4007648753706297,
        "contact_precision_l": 0.7331637820060136,
        "contact_precision_l2": 0.6598474038054123,
        "contact_precision_l5": 0.586531025604811,
        "perplexity": 4.668362179939864,
        "plddt_score": 95.0
      }
    },
    {
      "sequence_id": 1,
      "sequence_length": 51,
      "metrics": {
        "tm_score": 0.5451465161741921,
        "gdt_score": 0.4361172129393537,
        "contact_precision_l": 0.6616175178801434,
        "contact_precision_l2": 0.5954557660921291,
        "contact_precision_l5": 0.5292940143041148,
        "perplexity": 5.383824821198565,
        "plddt_score": 95.0
      }
    }
  ],
  "aggregate_statistics": {
    "mean_tm_score": 0.5230513051937395,
    "mean_contact_precision": 0.6973906499430785,
    "mean_perplexity": 5.026093500569214,
    "mean_plddt": 95.0
  },
  "scaling_analysis": {},
  "correlations": {
    "perplexity_tm_score": 0.9999999999999373,
    "perplexity_contact_precision": -0.9999999999999166,
    "perplexity_plddt": 0.0
  }
}