{
  "summary": {
    "num_sequences": 2,
    "model_config": {
      "name": "esm_backbone",
      "trainable": true,
      "vocabulary_size": 33,
      "num_layers": 6,
      "num_heads": 20,
      "hidden_dim": 320,
      "intermediate_dim": 1280,
      "dropout": 0,
      "max_wavelength": 10000,
      "use_bias": true,
      "activation": "gelu",
      "layer_norm_eps": 1e-05,
      "use_pre_layer_norm": false,
      "position_embedding_type": "rotary",
      "max_sequence_length": 1026,
      "pad_token_id": 1
    },
    "analysis_timestamp": "2024-01-01T00:00:00Z"
  },
  "individual_predictions": [
    {
      "sequence_id": 0,
      "sequence_length": 52,
      "metrics": {
        "tm_score": 0.44372776774209866,
        "gdt_score": 0.3549822141936789,
        "contact_precision_l": 0.6414810232931105,
        "contact_precision_l2": 0.5773329209637995,
        "contact_precision_l5": 0.5131848186344884,
        "perplexity": 5.585189767068894,
        "plddt_score": 95.0
      }
    },
    {
      "sequence_id": 1,
      "sequence_length": 51,
      "metrics": {
        "tm_score": 0.3789859519530486,
        "gdt_score": 0.3031887615624389,
        "contact_precision_l": 0.6488991614905848,
        "contact_precision_l2": 0.5840092453415263,
        "contact_precision_l5": 0.5191193291924678,
        "perplexity": 5.511008385094152,
        "plddt_score": 95.0
      }
    }
  ],
  "aggregate_statistics": {
    "mean_tm_score": 0.41135685984757364,
    "mean_contact_precision": 0.6451900923918477,
    "mean_perplexity": 5.548099076081523,
    "mean_plddt": 95.0
  },
  "scaling_analysis": {},
  "correlations": {
    "perplexity_tm_score": 1.0000000000002935,
    "perplexity_contact_precision": -1.0000000000003226,
    "perplexity_plddt": 0.0
  }
}