{
  "summary": {
    "num_sequences": 2,
    "model_config": {
      "name": "esm_backbone",
      "trainable": true,
      "vocabulary_size": 33,
      "num_layers": 6,
      "num_heads": 20,
      "hidden_dim": 320,
      "intermediate_dim": 1280,
      "dropout": 0,
      "max_wavelength": 10000,
      "use_bias": true,
      "activation": "gelu",
      "layer_norm_eps": 1e-05,
      "use_pre_layer_norm": false,
      "position_embedding_type": "rotary",
      "max_sequence_length": 1026,
      "pad_token_id": 1
    },
    "analysis_timestamp": "2024-01-01T00:00:00Z"
  },
  "individual_predictions": [
    {
      "sequence_id": 0,
      "sequence_length": 52,
      "metrics": {
        "tm_score": 0.33816769745681047,
        "gdt_score": 0.2705341579654484,
        "contact_precision_l": 0.6477519303511703,
        "contact_precision_l2": 0.5829767373160533,
        "contact_precision_l5": 0.5182015442809362,
        "perplexity": 5.522480696488297,
        "plddt_score": 95.0
      }
    },
    {
      "sequence_id": 1,
      "sequence_length": 51,
      "metrics": {
        "tm_score": 0.2925963162806192,
        "gdt_score": 0.23407705302449539,
        "contact_precision_l": 0.566619407579439,
        "contact_precision_l2": 0.5099574668214951,
        "contact_precision_l5": 0.45329552606355117,
        "perplexity": 6.333805924205611,
        "plddt_score": 95.0
      }
    }
  ],
  "aggregate_statistics": {
    "mean_tm_score": 0.31538200686871487,
    "mean_contact_precision": 0.6071856689653046,
    "mean_perplexity": 5.928143310346954,
    "mean_plddt": 95.0
  },
  "scaling_analysis": {},
  "correlations": {
    "perplexity_tm_score": -1.000000000000069,
    "perplexity_contact_precision": -0.999999999999973,
    "perplexity_plddt": 0.0
  }
}