{
  "summary": {
    "num_sequences": 2,
    "model_config": {
      "name": "esm_backbone",
      "trainable": true,
      "vocabulary_size": 33,
      "num_layers": 6,
      "num_heads": 20,
      "hidden_dim": 320,
      "intermediate_dim": 1280,
      "dropout": 0,
      "max_wavelength": 10000,
      "use_bias": true,
      "activation": "gelu",
      "layer_norm_eps": 1e-05,
      "use_pre_layer_norm": false,
      "position_embedding_type": "rotary",
      "max_sequence_length": 1026,
      "pad_token_id": 1
    },
    "analysis_timestamp": "2024-01-01T00:00:00Z"
  },
  "individual_predictions": [
    {
      "sequence_id": 0,
      "sequence_length": 52,
      "metrics": {
        "tm_score": 0.4049348832481865,
        "gdt_score": 0.3239479065985492,
        "contact_precision_l": 0.6217790405068304,
        "contact_precision_l2": 0.5596011364561474,
        "contact_precision_l5": 0.4974232324054644,
        "perplexity": 5.782209594931696,
        "plddt_score": 95.0
      }
    },
    {
      "sequence_id": 1,
      "sequence_length": 51,
      "metrics": {
        "tm_score": 0.44332894361287994,
        "gdt_score": 0.354663154890304,
        "contact_precision_l": 0.6930695270678413,
        "contact_precision_l2": 0.6237625743610572,
        "contact_precision_l5": 0.5544556216542731,
        "perplexity": 5.069304729321587,
        "plddt_score": 95.0
      }
    }
  ],
  "aggregate_statistics": {
    "mean_tm_score": 0.42413191343053325,
    "mean_contact_precision": 0.6574242837873359,
    "mean_perplexity": 5.425757162126642,
    "mean_plddt": 95.0
  },
  "scaling_analysis": {},
  "correlations": {
    "perplexity_tm_score": -1.0000000000001739,
    "perplexity_contact_precision": -1.0000000000000524,
    "perplexity_plddt": 0.0
  }
}