{
  "summary": {
    "num_sequences": 2,
    "model_config": {
      "name": "esm_backbone",
      "trainable": true,
      "vocabulary_size": 33,
      "num_layers": 6,
      "num_heads": 20,
      "hidden_dim": 320,
      "intermediate_dim": 1280,
      "dropout": 0,
      "max_wavelength": 10000,
      "use_bias": true,
      "activation": "gelu",
      "layer_norm_eps": 1e-05,
      "use_pre_layer_norm": false,
      "position_embedding_type": "rotary",
      "max_sequence_length": 1026,
      "pad_token_id": 1
    },
    "analysis_timestamp": "2024-01-01T00:00:00Z"
  },
  "individual_predictions": [
    {
      "sequence_id": 0,
      "sequence_length": 52,
      "metrics": {
        "tm_score": 0.5121319180432995,
        "gdt_score": 0.40970553443463964,
        "contact_precision_l": 0.7455718418453966,
        "contact_precision_l2": 0.671014657660857,
        "contact_precision_l5": 0.5964574734763173,
        "perplexity": 4.544281581546034,
        "plddt_score": 95.0
      }
    },
    {
      "sequence_id": 1,
      "sequence_length": 51,
      "metrics": {
        "tm_score": 0.42237201885632275,
        "gdt_score": 0.3378976150850582,
        "contact_precision_l": 0.6338282514119795,
        "contact_precision_l2": 0.5704454262707815,
        "contact_precision_l5": 0.5070626011295837,
        "perplexity": 5.661717485880205,
        "plddt_score": 95.0
      }
    }
  ],
  "aggregate_statistics": {
    "mean_tm_score": 0.4672519684498111,
    "mean_contact_precision": 0.689700046628688,
    "mean_perplexity": 5.1029995337131195,
    "mean_plddt": 95.0
  },
  "scaling_analysis": {},
  "correlations": {
    "perplexity_tm_score": -0.9999999999999779,
    "perplexity_contact_precision": -0.9999999999999869,
    "perplexity_plddt": 0.0
  }
}