{
  "summary": {
    "num_sequences": 2,
    "model_config": {
      "name": "esm_backbone",
      "trainable": true,
      "vocabulary_size": 33,
      "num_layers": 6,
      "num_heads": 20,
      "hidden_dim": 320,
      "intermediate_dim": 1280,
      "dropout": 0,
      "max_wavelength": 10000,
      "use_bias": true,
      "activation": "gelu",
      "layer_norm_eps": 1e-05,
      "use_pre_layer_norm": false,
      "position_embedding_type": "rotary",
      "max_sequence_length": 1026,
      "pad_token_id": 1
    },
    "analysis_timestamp": "2024-01-01T00:00:00Z"
  },
  "individual_predictions": [
    {
      "sequence_id": 0,
      "sequence_length": 52,
      "metrics": {
        "tm_score": 0.6314060030624626,
        "gdt_score": 0.5051248024499702,
        "contact_precision_l": 0.7269958340271212,
        "contact_precision_l2": 0.6542962506244091,
        "contact_precision_l5": 0.581596667221697,
        "perplexity": 4.730041659728788,
        "plddt_score": 95.0
      }
    },
    {
      "sequence_id": 1,
      "sequence_length": 51,
      "metrics": {
        "tm_score": 0.44027791346604306,
        "gdt_score": 0.3522223307728345,
        "contact_precision_l": 0.6694914401299382,
        "contact_precision_l2": 0.6025422961169444,
        "contact_precision_l5": 0.5355931521039506,
        "perplexity": 5.305085598700618,
        "plddt_score": 95.0
      }
    }
  ],
  "aggregate_statistics": {
    "mean_tm_score": 0.5358419582642528,
    "mean_contact_precision": 0.6982436370785297,
    "mean_perplexity": 5.017563629214703,
    "mean_plddt": 95.0
  },
  "scaling_analysis": {},
  "correlations": {
    "perplexity_tm_score": -0.9999999999999447,
    "perplexity_contact_precision": -0.9999999999998227,
    "perplexity_plddt": 0.0
  }
}